617GS2021,NS
622GS2035,NS
68GS2060,NS
716GS2050,NS
762GS2039,NS
ABSLRIF6RG,NS
DHANILOANS,NS
ECLFINANCE,NS
EHFLNCD,NS
EMOFSR1RDP,NS
EMOFSR1RGG,NS
ERFLNCDI,NS
IBUCCREDIT,NS
IIFCL,NS
IREDA,NS
L&TFINANCE,NS
LTMFEOF2R,NS
NABARD,NS
NHAI,NS
NHBTF2014,NS
SC5RG,NS
SGBAPR28I-GB,NS
SGBAUG24-GB,NS
SGBAUG27-GB,NS
SGBAUG28V-GB,NS
SGBDEC25-GB,NS
SGBDEC2512-GB,NS
SGBDEC26-GB,NS
SGBFEB24-GB,NS
SGBFEB28IX-GB,NS
SGBFEB29XI-GB,NS
SGBJ28VIII-GB,NS
SGBJAN26-GB,NS
SGBJAN27-GB,NS
SGBJAN29IX-GB,NS
SGBJAN29X-GB,NS
SGBJUL27-GB,NS
SGBJUL28IV-GB,NS
SGBJUN27-GB,NS
SGBJUN28-GB,NS
SGBMAR24-GB,NS
SGBMAR25-GB,NS
SGBMAR28X-GB,NS
SGBMAY25-GB,NS
SGBMAY26-GB,NS
SGBMAY28-GB,NS
SGBMR29XII-GB,NS
SGBN28VIII-GB,NS
SGBNOV23-GB,NS
SGBNOV24-GB,NS
SGBNOV25IX-GB,NS
SGBNOV25VI-GB,NS
SGBOC28VII-GB,NS
SGBOCT25-GB,NS
SGBOCT26-GB,NS
SGBOCT27-GB,NS
SGBOCT27VI-GB,NS
SGBSEP24-GB,NS
SGBSEP27-GB,NS
SGBSEP28VI-GB,NS
SREIBNPNCD,NS
TATACAPHSG,NS
TCFSL,NS
